[
    {
        "count": 1,
        "filter": "g",
        "exptime": 50.0,
        "RA": 48.30,
        "dec": -20.44,
        "object": "CS1",
        "program": "DECAT",
        "expType": "object",
        "note": "None",
        "comment": "CS1",
        "wait": "False",
        "propid": "2020B-0053"
    },
    {
        "count": 1,
        "filter": "i",
        "exptime": 50.0,
        "RA": 48.30,
        "dec": -20.44,
        "object": "CS1",
        "program": "DECAT",
        "expType": "object",
        "note": "None",
        "comment": "CS1",
        "wait": "False",
        "propid": "2020B-0053"
    },
    {
        "count": 1,
        "filter": "g",
        "exptime": 50.0,
        "RA": 48.30,
        "dec": -22.64,
        "object": "CS2",
        "program": "DECAT",
        "expType": "object",
        "note": "None",
        "comment": "CS2",
        "wait": "False",
        "propid": "2020B-0053"
    },
    {
        "count": 1,
        "filter": "i",
        "exptime": 50.0,
        "RA": 48.30,
        "dec": -22.64,
        "object": "CS2",
        "program": "DECAT",
        "expType": "object",
        "note": "None",
        "comment": "CS2",
        "wait": "False",
        "propid": "2020B-0053"
    },
    {
        "count": 1,
        "filter": "g",
        "exptime": 50.0,
        "RA": 48.30,
        "dec": -18.24,
        "object": "CS3",
        "program": "DECAT",
        "expType": "object",
        "note": "None",
        "comment": "CS3",
        "wait": "False",
        "propid": "2020B-0053"
    },
    {
        "count": 1,
        "filter": "i",
        "exptime": 50.0,
        "RA": 48.30,
        "dec": -18.24,
        "object": "CS3",
        "program": "DECAT",
        "expType": "object",
        "note": "None",
        "comment": "CS3",
        "wait": "False",
        "propid": "2020B-0053"
    },
    {
        "count": 1,
        "filter": "g",
        "exptime": 50.0,
        "RA": 50.50,
        "dec": -20.44,
        "object": "CS4",
        "program": "DECAT",
        "expType": "object",
        "note": "None",
        "comment": "CS4",
        "wait": "False",
        "propid": "2020B-0053"
    },
    {
        "count": 1,
        "filter": "i",
        "exptime": 50.0,
        "RA": 50.50,
        "dec": -20.44,
        "object": "CS4",
        "program": "DECAT",
        "expType": "object",
        "note": "None",
        "comment": "CS4",
        "wait": "False",
        "propid": "2020B-0053"
    },
    {
        "count": 1,
        "filter": "g",
        "exptime": 50.0,
        "RA": 46.10,
        "dec": -20.44,
        "object": "CS5",
        "program": "DECAT",
        "expType": "object",
        "note": "None",
        "comment": "CS5",
        "wait": "False",
        "propid": "2020B-0053"
    },
    {
        "count": 1,
        "filter": "i",
        "exptime": 50.0,
        "RA": 46.10,
        "dec": -20.44,
        "object": "CS5",
        "program": "DECAT",
        "expType": "object",
        "note": "None",
        "comment": "CS5",
        "wait": "False",
        "propid": "2020B-0053"
    }
]
