[
    {
        "count": 1,
        "filter": "g",
        "exptime": 60.0,
        "RA": 196.0,
        "dec": -34.5,
        "object": "SP3_196_-34.5",
        "program": "DECAT",
        "expType": "object",
        "note": "None",
        "comment": "SP3_196_-34.5",
        "wait": "False",
        "propid": "2020B-0053"
    },
    {
        "count": 1,
        "filter": "r",
        "exptime": 60.0,
        "RA": 196.0,
        "dec": -34.5,
        "object": "SP3_196_-34.5",
        "program": "DECAT",
        "expType": "object",
        "note": "None",
        "comment": "SP3_196_-34.5",
        "wait": "False",
        "propid": "2020B-0053"
    },
    {
        "count": 1,
        "filter": "i",
        "exptime": 60.0,
        "RA": 196.0,
        "dec": -34.5,
        "object": "SP3_196_-34.5",
        "program": "DECAT",
        "expType": "object",
        "note": "None",
        "comment": "SP3_196_-34.5",
        "wait": "False",
        "propid": "2020B-0053"
    }
]
