[
    {
        "count": 1,
        "filter": "g",
        "exptime": 15.0,
        "RA": 130.11808,
        "dec": -5.40594,
        "object": "2023ytn_P3",
        "program": "DECAT",
        "expType": "object",
        "note": "None",
        "comment": "2023ytn",
        "wait": "False",
        "propid": "2020B-0053"
    },
    {
        "count": 1,
        "filter": "r",
        "exptime": 15.0,
        "RA": 130.11808,
        "dec": -5.40594,
        "object": "2023ytn_P3",
        "program": "DECAT",
        "expType": "object",
        "note": "None",
        "comment": "2023ytn",
        "wait": "False",
        "propid": "2020B-0053"
    },
    {
        "count": 1,
        "filter": "i",
        "exptime": 15.0,
        "RA": 130.11808,
        "dec": -5.40594,
        "object": "2023ytn_P3",
        "program": "DECAT",
        "expType": "object",
        "note": "None",
        "comment": "2023ytn",
        "wait": "False",
        "propid": "2020B-0053"
    },
    {
        "count": 1,
        "filter": "z",
        "exptime": 15.0,
        "RA": 130.11808,
        "dec": -5.40594,
        "object": "2023ytn_P3",
        "program": "DECAT",
        "expType": "object",
        "note": "None",
        "comment": "2023ytn",
        "wait": "False",
        "propid": "2020B-0053"
    }
]