[
    {
        "count": 1,
        "filter": "g",
        "exptime": 30.0,
        "RA": 81.36347,
        "dec": -19.17498,
        "object": "2023yzu_P2",
        "program": "DECAT",
        "expType": "object",
        "note": "None",
        "comment": "2023yzu",
        "wait": "False",
        "propid": "2020B-0053"
    },
    {
        "count": 1,
        "filter": "r",
        "exptime": 30.0,
        "RA": 81.36347,
        "dec": -19.17498,
        "object": "2023yzu_P2",
        "program": "DECAT",
        "expType": "object",
        "note": "None",
        "comment": "2023yzu",
        "wait": "False",
        "propid": "2020B-0053"
    },
    {
        "count": 1,
        "filter": "i",
        "exptime": 30.0,
        "RA": 81.36347,
        "dec": -19.17498,
        "object": "2023yzu_P2",
        "program": "DECAT",
        "expType": "object",
        "note": "None",
        "comment": "2023yzu",
        "wait": "False",
        "propid": "2020B-0053"
    },
    {
        "count": 1,
        "filter": "z",
        "exptime": 30.0,
        "RA": 81.36347,
        "dec": -19.17498,
        "object": "2023yzu_P2",
        "program": "DECAT",
        "expType": "object",
        "note": "None",
        "comment": "2023yzu",
        "wait": "False",
        "propid": "2020B-0053"
    }
]