[
    {
        "count": 1,
        "filter": "z",
        "exptime": 15.0,
        "RA": 55.40107,
        "dec": -34.26873,
        "object": "2023abjs_P1",
        "program": "DECAT",
        "expType": "object",
        "note": "None",
        "comment": "2023abjs",
        "wait": "False",
        "propid": "2020B-0053"
    },
    {
        "count": 1,
        "filter": "i",
        "exptime": 15.0,
        "RA": 55.40107,
        "dec": -34.26873,
        "object": "2023abjs_P1",
        "program": "DECAT",
        "expType": "object",
        "note": "None",
        "comment": "2023abjs",
        "wait": "False",
        "propid": "2020B-0053"
    },
    {
        "count": 1,
        "filter": "r",
        "exptime": 15.0,
        "RA": 55.40107,
        "dec": -34.26873,
        "object": "2023abjs_P1",
        "program": "DECAT",
        "expType": "object",
        "note": "None",
        "comment": "2023abjs",
        "wait": "False",
        "propid": "2020B-0053"
    },
    {
        "count": 1,
        "filter": "g",
        "exptime": 15.0,
        "RA": 55.40107,
        "dec": -34.26873,
        "object": "2023abjs_P1",
        "program": "DECAT",
        "expType": "object",
        "note": "None",
        "comment": "2023abjs",
        "wait": "False",
        "propid": "2020B-0053"
    }
]