[
    {
        "count": 1,
        "filter": "g",
        "exptime": 15.0,
        "RA": 145.8549,
        "dec": 7.89758,
        "object": "2023zax_P3",
        "program": "DECAT",
        "expType": "object",
        "note": "None",
        "comment": "2023zax",
        "wait": "False",
        "propid": "2020B-0053"
    },
    {
        "count": 1,
        "filter": "r",
        "exptime": 15.0,
        "RA": 145.8549,
        "dec": 7.89758,
        "object": "2023zax_P3",
        "program": "DECAT",
        "expType": "object",
        "note": "None",
        "comment": "2023zax",
        "wait": "False",
        "propid": "2020B-0053"
    },
    {
        "count": 1,
        "filter": "i",
        "exptime": 15.0,
        "RA": 145.8549,
        "dec": 7.89758,
        "object": "2023zax_P3",
        "program": "DECAT",
        "expType": "object",
        "note": "None",
        "comment": "2023zax",
        "wait": "False",
        "propid": "2020B-0053"
    },
    {
        "count": 1,
        "filter": "z",
        "exptime": 15.0,
        "RA": 145.8549,
        "dec": 7.89758,
        "object": "2023zax_P3",
        "program": "DECAT",
        "expType": "object",
        "note": "None",
        "comment": "2023zax",
        "wait": "False",
        "propid": "2020B-0053"
    }
]