[
    {
        "count": 1,
        "filter": "g",
        "exptime": 15.0,
        "RA": 141.07587,
        "dec": -30.99363,
        "object": "2023zce_P3",
        "program": "DECAT",
        "expType": "object",
        "note": "None",
        "comment": "2023zce",
        "wait": "False",
        "propid": "2020B-0053"
    },
    {
        "count": 1,
        "filter": "r",
        "exptime": 15.0,
        "RA": 141.07587,
        "dec": -30.99363,
        "object": "2023zce_P3",
        "program": "DECAT",
        "expType": "object",
        "note": "None",
        "comment": "2023zce",
        "wait": "False",
        "propid": "2020B-0053"
    },
    {
        "count": 1,
        "filter": "i",
        "exptime": 15.0,
        "RA": 141.07587,
        "dec": -30.99363,
        "object": "2023zce_P3",
        "program": "DECAT",
        "expType": "object",
        "note": "None",
        "comment": "2023zce",
        "wait": "False",
        "propid": "2020B-0053"
    },
    {
        "count": 1,
        "filter": "z",
        "exptime": 15.0,
        "RA": 141.07587,
        "dec": -30.99363,
        "object": "2023zce_P3",
        "program": "DECAT",
        "expType": "object",
        "note": "None",
        "comment": "2023zce",
        "wait": "False",
        "propid": "2020B-0053"
    }
]