[
    {
        "count": 1,
        "filter": "g",
        "exptime": 15.0,
        "RA": 122.57717,
        "dec": 14.66851,
        "object": "2023aald_P3",
        "program": "DECAT",
        "expType": "object",
        "note": "None",
        "comment": "2023aald",
        "wait": "False",
        "propid": "2020B-0053"
    },
    {
        "count": 1,
        "filter": "r",
        "exptime": 15.0,
        "RA": 122.57717,
        "dec": 14.66851,
        "object": "2023aald_P3",
        "program": "DECAT",
        "expType": "object",
        "note": "None",
        "comment": "2023aald",
        "wait": "False",
        "propid": "2020B-0053"
    },
    {
        "count": 1,
        "filter": "i",
        "exptime": 15.0,
        "RA": 122.57717,
        "dec": 14.66851,
        "object": "2023aald_P3",
        "program": "DECAT",
        "expType": "object",
        "note": "None",
        "comment": "2023aald",
        "wait": "False",
        "propid": "2020B-0053"
    },
    {
        "count": 1,
        "filter": "z",
        "exptime": 15.0,
        "RA": 122.57717,
        "dec": 14.66851,
        "object": "2023aald_P3",
        "program": "DECAT",
        "expType": "object",
        "note": "None",
        "comment": "2023aald",
        "wait": "False",
        "propid": "2020B-0053"
    }
]