[
    {
        "count": 1,
        "filter": "g",
        "exptime": 15.0,
        "RA": 149.76865,
        "dec": 10.46488,
        "object": "2023aaaa_P3",
        "program": "DECAT",
        "expType": "object",
        "note": "None",
        "comment": "2023aaaa",
        "wait": "False",
        "propid": "2020B-0053"
    },
    {
        "count": 1,
        "filter": "r",
        "exptime": 15.0,
        "RA": 149.76865,
        "dec": 10.46488,
        "object": "2023aaaa_P3",
        "program": "DECAT",
        "expType": "object",
        "note": "None",
        "comment": "2023aaaa",
        "wait": "False",
        "propid": "2020B-0053"
    },
    {
        "count": 1,
        "filter": "i",
        "exptime": 15.0,
        "RA": 149.76865,
        "dec": 10.46488,
        "object": "2023aaaa_P3",
        "program": "DECAT",
        "expType": "object",
        "note": "None",
        "comment": "2023aaaa",
        "wait": "False",
        "propid": "2020B-0053"
    },
    {
        "count": 1,
        "filter": "z",
        "exptime": 15.0,
        "RA": 149.76865,
        "dec": 10.46488,
        "object": "2023aaaa_P3",
        "program": "DECAT",
        "expType": "object",
        "note": "None",
        "comment": "2023aaaa",
        "wait": "False",
        "propid": "2020B-0053"
    }
]