[
    {
        "count": 1,
        "filter": "g",
        "exptime": 15.0,
        "RA": 65.83316,
        "dec": -51.74853,
        "object": "2023aajf_P1",
        "program": "DECAT",
        "expType": "object",
        "note": "None",
        "comment": "2023aajf",
        "wait": "False",
        "propid": "2020B-0053"
    },
    {
        "count": 1,
        "filter": "r",
        "exptime": 15.0,
        "RA": 65.83316,
        "dec": -51.74853,
        "object": "2023aajf_P1",
        "program": "DECAT",
        "expType": "object",
        "note": "None",
        "comment": "2023aajf",
        "wait": "False",
        "propid": "2020B-0053"
    },
    {
        "count": 1,
        "filter": "i",
        "exptime": 15.0,
        "RA": 65.83316,
        "dec": -51.74853,
        "object": "2023aajf_P1",
        "program": "DECAT",
        "expType": "object",
        "note": "None",
        "comment": "2023aajf",
        "wait": "False",
        "propid": "2020B-0053"
    },
    {
        "count": 1,
        "filter": "z",
        "exptime": 15.0,
        "RA": 65.83316,
        "dec": -51.74853,
        "object": "2023aajf_P1",
        "program": "DECAT",
        "expType": "object",
        "note": "None",
        "comment": "2023aajf",
        "wait": "False",
        "propid": "2020B-0053"
    }
]