[
    {
        "count": 1,
        "filter": "z",
        "exptime": 15.0,
        "RA": 5.9546,
        "dec": -52.18762,
        "object": "2023aaqu_P1",
        "program": "DECAT",
        "expType": "object",
        "note": "None",
        "comment": "2023aaqu",
        "wait": "False",
        "propid": "2020B-0053"
    },
    {
        "count": 1,
        "filter": "i",
        "exptime": 15.0,
        "RA": 5.9546,
        "dec": -52.18762,
        "object": "2023aaqu_P1",
        "program": "DECAT",
        "expType": "object",
        "note": "None",
        "comment": "2023aaqu",
        "wait": "False",
        "propid": "2020B-0053"
    },
    {
        "count": 1,
        "filter": "r",
        "exptime": 15.0,
        "RA": 5.9546,
        "dec": -52.18762,
        "object": "2023aaqu_P1",
        "program": "DECAT",
        "expType": "object",
        "note": "None",
        "comment": "2023aaqu",
        "wait": "False",
        "propid": "2020B-0053"
    },
    {
        "count": 1,
        "filter": "g",
        "exptime": 15.0,
        "RA": 5.9546,
        "dec": -52.18762,
        "object": "2023aaqu_P1",
        "program": "DECAT",
        "expType": "object",
        "note": "None",
        "comment": "2023aaqu",
        "wait": "False",
        "propid": "2020B-0053"
    }
]