[
    {
        "count": 1,
        "filter": "g",
        "exptime": 30.0,
        "RA": 80.81434,
        "dec": 5.99661,
        "object": "2023zjm_P2",
        "program": "DECAT",
        "expType": "object",
        "note": "None",
        "comment": "2023zjm",
        "wait": "False",
        "propid": "2020B-0053"
    },
    {
        "count": 1,
        "filter": "r",
        "exptime": 30.0,
        "RA": 80.81434,
        "dec": 5.99661,
        "object": "2023zjm_P2",
        "program": "DECAT",
        "expType": "object",
        "note": "None",
        "comment": "2023zjm",
        "wait": "False",
        "propid": "2020B-0053"
    },
    {
        "count": 1,
        "filter": "i",
        "exptime": 30.0,
        "RA": 80.81434,
        "dec": 5.99661,
        "object": "2023zjm_P2",
        "program": "DECAT",
        "expType": "object",
        "note": "None",
        "comment": "2023zjm",
        "wait": "False",
        "propid": "2020B-0053"
    },
    {
        "count": 1,
        "filter": "z",
        "exptime": 30.0,
        "RA": 80.81434,
        "dec": 5.99661,
        "object": "2023zjm_P2",
        "program": "DECAT",
        "expType": "object",
        "note": "None",
        "comment": "2023zjm",
        "wait": "False",
        "propid": "2020B-0053"
    }
]