[
    {
        "count": 1,
        "filter": "g",
        "exptime": 15.0,
        "RA": 147.85904,
        "dec": -14.70924,
        "object": "2023aait_P3",
        "program": "DECAT",
        "expType": "object",
        "note": "None",
        "comment": "2023aait",
        "wait": "False",
        "propid": "2020B-0053"
    },
    {
        "count": 1,
        "filter": "r",
        "exptime": 15.0,
        "RA": 147.85904,
        "dec": -14.70924,
        "object": "2023aait_P3",
        "program": "DECAT",
        "expType": "object",
        "note": "None",
        "comment": "2023aait",
        "wait": "False",
        "propid": "2020B-0053"
    },
    {
        "count": 1,
        "filter": "i",
        "exptime": 15.0,
        "RA": 147.85904,
        "dec": -14.70924,
        "object": "2023aait_P3",
        "program": "DECAT",
        "expType": "object",
        "note": "None",
        "comment": "2023aait",
        "wait": "False",
        "propid": "2020B-0053"
    },
    {
        "count": 1,
        "filter": "z",
        "exptime": 15.0,
        "RA": 147.85904,
        "dec": -14.70924,
        "object": "2023aait_P3",
        "program": "DECAT",
        "expType": "object",
        "note": "None",
        "comment": "2023aait",
        "wait": "False",
        "propid": "2020B-0053"
    }
]