[
    {
        "count": 1,
        "filter": "z",
        "exptime": 30.0,
        "RA": 20.27525,
        "dec": -1.59491,
        "object": "2023yzw_P1",
        "program": "DECAT",
        "expType": "object",
        "note": "None",
        "comment": "2023yzw",
        "wait": "False",
        "propid": "2020B-0053"
    },
    {
        "count": 1,
        "filter": "i",
        "exptime": 30.0,
        "RA": 20.27525,
        "dec": -1.59491,
        "object": "2023yzw_P1",
        "program": "DECAT",
        "expType": "object",
        "note": "None",
        "comment": "2023yzw",
        "wait": "False",
        "propid": "2020B-0053"
    },
    {
        "count": 1,
        "filter": "r",
        "exptime": 30.0,
        "RA": 20.27525,
        "dec": -1.59491,
        "object": "2023yzw_P1",
        "program": "DECAT",
        "expType": "object",
        "note": "None",
        "comment": "2023yzw",
        "wait": "False",
        "propid": "2020B-0053"
    },
    {
        "count": 1,
        "filter": "g",
        "exptime": 30.0,
        "RA": 20.27525,
        "dec": -1.59491,
        "object": "2023yzw_P1",
        "program": "DECAT",
        "expType": "object",
        "note": "None",
        "comment": "2023yzw",
        "wait": "False",
        "propid": "2020B-0053"
    }
]