[
    {
        "count": 1,
        "filter": "z",
        "exptime": 15.0,
        "RA": 26.13832,
        "dec": -17.02527,
        "object": "2023zbo_P2",
        "program": "DECAT",
        "expType": "object",
        "note": "None",
        "comment": "2023zbo",
        "wait": "False",
        "propid": "2020B-0053"
    },
    {
        "count": 1,
        "filter": "i",
        "exptime": 15.0,
        "RA": 26.13832,
        "dec": -17.02527,
        "object": "2023zbo_P2",
        "program": "DECAT",
        "expType": "object",
        "note": "None",
        "comment": "2023zbo",
        "wait": "False",
        "propid": "2020B-0053"
    },
    {
        "count": 1,
        "filter": "r",
        "exptime": 15.0,
        "RA": 26.13832,
        "dec": -17.02527,
        "object": "2023zbo_P2",
        "program": "DECAT",
        "expType": "object",
        "note": "None",
        "comment": "2023zbo",
        "wait": "False",
        "propid": "2020B-0053"
    },
    {
        "count": 1,
        "filter": "g",
        "exptime": 15.0,
        "RA": 26.13832,
        "dec": -17.02527,
        "object": "2023zbo_P2",
        "program": "DECAT",
        "expType": "object",
        "note": "None",
        "comment": "2023zbo",
        "wait": "False",
        "propid": "2020B-0053"
    }
]