[
    {
        "count": 1,
        "filter": "g",
        "exptime": 5.0,
        "RA": 156.06776,
        "dec": -2.27929,
        "object": "2024apt_P2",
        "program": "DECAT",
        "expType": "object",
        "note": "None",
        "comment": "2024apt",
        "wait": "False",
        "propid": "2020B-0053"
    },
    {
        "count": 1,
        "filter": "r",
        "exptime": 5.0,
        "RA": 156.06776,
        "dec": -2.27929,
        "object": "2024apt_P2",
        "program": "DECAT",
        "expType": "object",
        "note": "None",
        "comment": "2024apt",
        "wait": "False",
        "propid": "2020B-0053"
    },
    {
        "count": 1,
        "filter": "i",
        "exptime": 5.0,
        "RA": 156.06776,
        "dec": -2.27929,
        "object": "2024apt_P2",
        "program": "DECAT",
        "expType": "object",
        "note": "None",
        "comment": "2024apt",
        "wait": "False",
        "propid": "2020B-0053"
    }
]