[
    {
        "count": 1,
        "filter": "g",
        "exptime": 15.0,
        "RA": 208.47218,
        "dec": 5.66532,
        "object": "2024aoj_P1",
        "program": "DECAT",
        "expType": "object",
        "note": "None",
        "comment": "2024aoj",
        "wait": "False",
        "propid": "2020B-0053"
    },
    {
        "count": 1,
        "filter": "r",
        "exptime": 15.0,
        "RA": 208.47218,
        "dec": 5.66532,
        "object": "2024aoj_P1",
        "program": "DECAT",
        "expType": "object",
        "note": "None",
        "comment": "2024aoj",
        "wait": "False",
        "propid": "2020B-0053"
    },
    {
        "count": 1,
        "filter": "i",
        "exptime": 15.0,
        "RA": 208.47218,
        "dec": 5.66532,
        "object": "2024aoj_P1",
        "program": "DECAT",
        "expType": "object",
        "note": "None",
        "comment": "2024aoj",
        "wait": "False",
        "propid": "2020B-0053"
    }
]