[
    {
        "count": 1,
        "filter": "g",
        "exptime": 3.0,
        "RA": 47.40206,
        "dec": -2.71279,
        "object": "2024any_P1",
        "program": "DECAT",
        "expType": "object",
        "note": "None",
        "comment": "2024any",
        "wait": "False",
        "propid": "2020B-0053"
    },
    {
        "count": 1,
        "filter": "r",
        "exptime": 3.0,
        "RA": 47.40206,
        "dec": -2.71279,
        "object": "2024any_P1",
        "program": "DECAT",
        "expType": "object",
        "note": "None",
        "comment": "2024any",
        "wait": "False",
        "propid": "2020B-0053"
    },
    {
        "count": 1,
        "filter": "i",
        "exptime": 3.0,
        "RA": 47.40206,
        "dec": -2.71279,
        "object": "2024any_P1",
        "program": "DECAT",
        "expType": "object",
        "note": "None",
        "comment": "2024any",
        "wait": "False",
        "propid": "2020B-0053"
    },
    {
        "count": 1,
        "filter": "z",
        "exptime": 5.0,
        "RA": 47.40206,
        "dec": -2.71279,
        "object": "2024any_P1",
        "program": "DECAT",
        "expType": "object",
        "note": "None",
        "comment": "2024any",
        "wait": "False",
        "propid": "2020B-0053"
    }
]