[
    {
        "count": 1,
        "filter": "g",
        "exptime": 15.0,
        "RA": 31.67756,
        "dec": 1.69533,
        "object": "2024agf_P2",
        "program": "DECAT",
        "expType": "object",
        "note": "None",
        "comment": "2024agf",
        "wait": "False",
        "propid": "2020B-0053"
    },
    {
        "count": 1,
        "filter": "r",
        "exptime": 15.0,
        "RA": 31.67756,
        "dec": 1.69533,
        "object": "2024agf_P2",
        "program": "DECAT",
        "expType": "object",
        "note": "None",
        "comment": "2024agf",
        "wait": "False",
        "propid": "2020B-0053"
    }
]