[
    {
        "count": 1,
        "filter": "g",
        "exptime": 15.0,
        "RA": 124.91293,
        "dec": 21.98755,
        "object": "2024ev_P3",
        "program": "DECAT",
        "expType": "object",
        "note": "None",
        "comment": "2024ev",
        "wait": "False",
        "propid": "2020B-0053"
    },
    {
        "count": 1,
        "filter": "r",
        "exptime": 15.0,
        "RA": 124.91293,
        "dec": 21.98755,
        "object": "2024ev_P3",
        "program": "DECAT",
        "expType": "object",
        "note": "None",
        "comment": "2024ev",
        "wait": "False",
        "propid": "2020B-0053"
    },
    {
        "count": 1,
        "filter": "i",
        "exptime": 15.0,
        "RA": 124.91293,
        "dec": 21.98755,
        "object": "2024ev_P3",
        "program": "DECAT",
        "expType": "object",
        "note": "None",
        "comment": "2024ev",
        "wait": "False",
        "propid": "2020B-0053"
    },
    {
        "count": 1,
        "filter": "z",
        "exptime": 15.0,
        "RA": 124.91293,
        "dec": 21.98755,
        "object": "2024ev_P3",
        "program": "DECAT",
        "expType": "object",
        "note": "None",
        "comment": "2024ev",
        "wait": "False",
        "propid": "2020B-0053"
    }
]