[
    {
        "count": 1,
        "filter": "g",
        "exptime": 5.0,
        "RA": 233.77779,
        "dec": -2.05134,
        "object": "2024jz_P1",
        "program": "DECAT",
        "expType": "object",
        "note": "None",
        "comment": "2024jz",
        "wait": "False",
        "propid": "2020B-0053"
    },
    {
        "count": 1,
        "filter": "r",
        "exptime": 5.0,
        "RA": 233.77779,
        "dec": -2.05134,
        "object": "2024jz_P1",
        "program": "DECAT",
        "expType": "object",
        "note": "None",
        "comment": "2024jz",
        "wait": "False",
        "propid": "2020B-0053"
    },
    {
        "count": 1,
        "filter": "i",
        "exptime": 5.0,
        "RA": 233.77779,
        "dec": -2.05134,
        "object": "2024jz_P1",
        "program": "DECAT",
        "expType": "object",
        "note": "None",
        "comment": "2024jz",
        "wait": "False",
        "propid": "2020B-0053"
    },
    {
        "count": 1,
        "filter": "z",
        "exptime": 5.0,
        "RA": 233.77779,
        "dec": -2.05134,
        "object": "2024jz_P1",
        "program": "DECAT",
        "expType": "object",
        "note": "None",
        "comment": "2024jz",
        "wait": "False",
        "propid": "2020B-0053"
    }
]