[
    {
        "count": 1,
        "filter": "g",
        "exptime": 15.0,
        "RA": 166.58931,
        "dec": 2.9196,
        "object": "2024ahf_P3",
        "program": "DECAT",
        "expType": "object",
        "note": "None",
        "comment": "2024ahf",
        "wait": "False",
        "propid": "2020B-0053"
    },
    {
        "count": 1,
        "filter": "r",
        "exptime": 15.0,
        "RA": 166.58931,
        "dec": 2.9196,
        "object": "2024ahf_P3",
        "program": "DECAT",
        "expType": "object",
        "note": "None",
        "comment": "2024ahf",
        "wait": "False",
        "propid": "2020B-0053"
    },
    {
        "count": 1,
        "filter": "i",
        "exptime": 15.0,
        "RA": 166.58931,
        "dec": 2.9196,
        "object": "2024ahf_P3",
        "program": "DECAT",
        "expType": "object",
        "note": "None",
        "comment": "2024ahf",
        "wait": "False",
        "propid": "2020B-0053"
    },
    {
        "count": 1,
        "filter": "z",
        "exptime": 15.0,
        "RA": 166.58931,
        "dec": 2.9196,
        "object": "2024ahf_P3",
        "program": "DECAT",
        "expType": "object",
        "note": "None",
        "comment": "2024ahf",
        "wait": "False",
        "propid": "2020B-0053"
    }
]