[
    {
        "count": 1,
        "filter": "g",
        "exptime": 15.0,
        "RA": 200.16511,
        "dec": -15.03702,
        "object": "2024atk_P3",
        "program": "DECAT",
        "expType": "object",
        "note": "None",
        "comment": "2024atk",
        "wait": "False",
        "propid": "2020B-0053"
    },
    {
        "count": 1,
        "filter": "r",
        "exptime": 15.0,
        "RA": 200.16511,
        "dec": -15.03702,
        "object": "2024atk_P3",
        "program": "DECAT",
        "expType": "object",
        "note": "None",
        "comment": "2024atk",
        "wait": "False",
        "propid": "2020B-0053"
    },
    {
        "count": 1,
        "filter": "i",
        "exptime": 15.0,
        "RA": 200.16511,
        "dec": -15.03702,
        "object": "2024atk_P3",
        "program": "DECAT",
        "expType": "object",
        "note": "None",
        "comment": "2024atk",
        "wait": "False",
        "propid": "2020B-0053"
    },
    {
        "count": 1,
        "filter": "z",
        "exptime": 15.0,
        "RA": 200.16511,
        "dec": -15.03702,
        "object": "2024atk_P3",
        "program": "DECAT",
        "expType": "object",
        "note": "None",
        "comment": "2024atk",
        "wait": "False",
        "propid": "2020B-0053"
    }
]