[
    {
        "object": "DESIRT 20-20-2",
        "expTime": 70,
        "RA": "21.89372916",
        "dec": "-21.41666389",
        "filter": "r",
        "count": 1,
        "expType": "object",
        "program": "DESI Transients Survey",
        "wait": "False",
        "propid": "2025A-729671",
        "proposer": "Palmese",
        "comment": "DESI Transients Survey 20-20-2"
    },
    {
        "object": "DESIRT 20-20-2",
        "expTime": 70,
        "RA": "23.69122083",
        "dec": "-22.43116389",
        "filter": "r",
        "count": 1,
        "expType": "object",
        "program": "DESI Transients Survey",
        "wait": "False",
        "propid": "2025A-729671",
        "proposer": "Palmese",
        "comment": "DESI Transients Survey 20-20-2"
    },
    {
        "object": "DESIRT 20-20-2",
        "expTime": 70,
        "RA": "25.5191416",
        "dec": "-23.4455638",
        "filter": "r",
        "count": 1,
        "expType": "object",
        "program": "DESI Transients Survey",
        "wait": "False",
        "propid": "2025A-729671",
        "proposer": "Palmese",
        "comment": "DESI Transients Survey 20-20-2"
    },
    {
        "object": "DESIRT 20-20-2",
        "expTime": 70,
        "RA": "27.15442083",
        "dec": "-22.43116389",
        "filter": "r",
        "count": 1,
        "expType": "object",
        "program": "DESI Transients Survey",
        "wait": "False",
        "propid": "2025A-729671",
        "proposer": "Palmese",
        "comment": "DESI Transients Survey 20-20-2"
    },
    {
        "object": "DESIRT 20-20-2",
        "expTime": 70,
        "RA": "25.331929166",
        "dec": "-21.41666389",
        "filter": "r",
        "count": 1,
        "expType": "object",
        "program": "DESI Transients Survey",
        "wait": "False",
        "propid": "2025A-729671",
        "proposer": "Palmese",
        "comment": "DESI Transients Survey 20-20-2"
    }
]