[
    {
        "object": "DESIRT 20-20-3",
        "expTime": 70,
        "RA": "25.165429167",
        "dec": "-19.38766389",
        "filter": "r",
        "count": 1,
        "expType": "object",
        "program": "DESI Transients Survey",
        "wait": "False",
        "propid": "2025A-729671",
        "proposer": "Palmese",
        "comment": "DESI Transients Survey 20-20-3"
    },
    {
        "object": "DESIRT 20-20-3",
        "expTime": 70,
        "RA": "23.405667",
        "dec": "-18.369333",
        "filter": "r",
        "count": 1,
        "expType": "object",
        "program": "DESI Transients Survey",
        "wait": "False",
        "propid": "2025A-729671",
        "proposer": "Palmese",
        "comment": "DESI Transients Survey 20-20-3"
    },
    {
        "object": "DESIRT 20-20-3",
        "expTime": 70,
        "RA": "25.018437499",
        "dec": "-17.35876389",
        "filter": "r",
        "count": 1,
        "expType": "object",
        "program": "DESI Transients Survey",
        "wait": "False",
        "propid": "2025A-729671",
        "proposer": "Palmese",
        "comment": "DESI Transients Survey 20-20-3"
    },
    {
        "object": "DESIRT 20-20-3",
        "expTime": 70,
        "RA": "24.343770833",
        "dec": "-15.126868055",
        "filter": "r",
        "count": 1,
        "expType": "object",
        "program": "DESI Transients Survey",
        "wait": "False",
        "propid": "2025A-729671",
        "proposer": "Palmese",
        "comment": "DESI Transients Survey 20-20-3"
    },
    {
        "object": "DESIRT 20-20-3",
        "expTime": 70,
        "RA": "22.301083",
        "dec": "-15.1948611",
        "filter": "r",
        "count": 1,
        "expType": "object",
        "program": "DESI Transients Survey",
        "wait": "False",
        "propid": "2025A-729671",
        "proposer": "Palmese",
        "comment": "DESI Transients Survey 20-20-3"
    }
]