[
    {
        "object": "DESIRT 1303",
        "expTime": 70,
        "RA": "211.99",
        "dec": "-1.58",
        "filter": "r",
        "count": 1,
        "expType": "object",
        "program": "DESI Transients Survey",
        "wait": "False",
        "propid": "2025A-729671",
        "proposer": "Palmese",
        "comment": "DESI Transients Survey G15"
    },
    {
        "object": "DESIRT 1283",
        "expTime": 70,
        "RA": "212.813",
        "dec": "0.0",
        "filter": "r",
        "count": 1,
        "expType": "object",
        "program": "DESI Transients Survey",
        "wait": "False",
        "propid": "2025A-729671",
        "proposer": "Palmese",
        "comment": "DESI Transients Survey G15"
    },
    {
        "object": "DESIRT 1284",
        "expTime": 70,
        "RA": "213.645",
        "dec": "-1.589",
        "filter": "r",
        "count": 1,
        "expType": "object",
        "program": "DESI Transients Survey",
        "wait": "False",
        "propid": "2025A-729671",
        "proposer": "Palmese",
        "comment": "DESI Transients Survey G15"
    },
    {
        "object": "DESIRT 1261",
        "expTime": 70,
        "RA": "214.461",
        "dec": "0.0",
        "filter": "r",
        "count": 1,
        "expType": "object",
        "program": "DESI Transients Survey",
        "wait": "False",
        "propid": "2025A-729671",
        "proposer": "Palmese",
        "comment": "DESI Transients Survey G15"
    },
    {
        "object": "DESIRT 1262",
        "expTime": 70,
        "RA": "215.288",
        "dec": "-1.597",
        "filter": "r",
        "count": 1,
        "expType": "object",
        "program": "DESI Transients Survey",
        "wait": "False",
        "propid": "2025A-729671",
        "proposer": "Palmese",
        "comment": "DESI Transients Survey G15"
    },
    {
        "object": "DESIRT 1240",
        "expTime": 70,
        "RA": "216.099",
        "dec": "0.0",
        "filter": "r",
        "count": 1,
        "expType": "object",
        "program": "DESI Transients Survey",
        "wait": "False",
        "propid": "2025A-729671",
        "proposer": "Palmese",
        "comment": "DESI Transients Survey G15"
    }
]