[
	{
		"count": 1,
		"filter": "u",
		"exptime": 50.000000,
		"RA": 300.8779583,
		"dec": 12.1081833,
		"object": "DESIRT EP",
		"program": "DESI Transients Survey",
		"expType": "object",
		"note": "None",
		"comment": "DESI Transients Survey EP",
		"wait": "False",
		"proposer": "Palmese",
		"propid": "2025A-729671"
	},
	{
		"count": 1,
		"filter": "g",
		"exptime": 50.000000,
		"RA": 300.8779583,
		"dec": 12.1081833,
		"object": "DESIRT EP",
		"program": "DESI Transients Survey",
		"expType": "object",
		"note": "None",
		"comment": "DESI Transients Survey EP",
		"wait": "False",
		"proposer": "Palmese",
		"propid": "2025A-729671"
	},
	{
		"count": 1,
		"filter": "r",
		"exptime": 70.000000,
		"RA": 300.8779583,
		"dec": 12.1081833,
		"object": "DESIRT EP",
		"program": "DESI Transients Survey",
		"expType": "object",
		"note": "None",
		"comment": "DESI Transients Survey EP",
		"wait": "False",
		"proposer": "Palmese",
		"propid": "2025A-729671"
	},
	{
		"count": 1,
		"filter": "i",
		"exptime": 90.000000,
		"RA": 300.8779583,
		"dec": 12.1081833,
		"object": "DESIRT EP",
		"program": "DESI Transients Survey",
		"expType": "object",
		"note": "None",
		"comment": "DESI Transients Survey EP",
		"wait": "False",
		"proposer": "Palmese",
		"propid": "2025A-729671"
	},
	{
		"count": 1,
		"filter": "z",
		"exptime": 110.000000,
		"RA": 300.8779583,
		"dec": 12.1081833,
		"object": "DESIRT EP",
		"program": "DESI Transients Survey",
		"expType": "object",
		"note": "None",
		"comment": "DESI Transients Survey EP",
		"wait": "False",
		"proposer": "Palmese",
		"propid": "2025A-729671"
	}
]
