[
    {
        "object": "DESIRT 1303",
        "expTime": 80,
        "RA": "211.99",
        "dec": "-1.58",
        "filter": "i",
        "count": 1,
        "expType": "object",
        "program": "DESI Transients Survey",
        "wait": "False",
        "propid": "2025A-729671",
        "proposer": "Palmese",
        "comment": "DESI Transients Survey G15"
    },
    {
        "object": "DESIRT 1283",
        "expTime": 80,
        "RA": "212.813",
        "dec": "0.0",
        "filter": "i",
        "count": 1,
        "expType": "object",
        "program": "DESI Transients Survey",
        "wait": "False",
        "propid": "2025A-729671",
        "proposer": "Palmese",
        "comment": "DESI Transients Survey G15"
    },
    {
        "object": "DESIRT 1284",
        "expTime": 80,
        "RA": "213.645",
        "dec": "-1.589",
        "filter": "i",
        "count": 1,
        "expType": "object",
        "program": "DESI Transients Survey",
        "wait": "False",
        "propid": "2025A-729671",
        "proposer": "Palmese",
        "comment": "DESI Transients Survey G15"
    },
    {
        "object": "DESIRT 1261",
        "expTime": 80,
        "RA": "214.461",
        "dec": "0.0",
        "filter": "i",
        "count": 1,
        "expType": "object",
        "program": "DESI Transients Survey",
        "wait": "False",
        "propid": "2025A-729671",
        "proposer": "Palmese",
        "comment": "DESI Transients Survey G15"
    },
    {
        "object": "DESIRT 1262",
        "expTime": 80,
        "RA": "215.288",
        "dec": "-1.597",
        "filter": "i",
        "count": 1,
        "expType": "object",
        "program": "DESI Transients Survey",
        "wait": "False",
        "propid": "2025A-729671",
        "proposer": "Palmese",
        "comment": "DESI Transients Survey G15"
    },
    {
        "object": "DESIRT 1240",
        "expTime": 80,
        "RA": "216.099",
        "dec": "0.0",
        "filter": "i",
        "count": 1,
        "expType": "object",
        "program": "DESI Transients Survey",
        "wait": "False",
        "propid": "2025A-729671",
        "proposer": "Palmese",
        "comment": "DESI Transients Survey G15"
    },
    {
        "object": "DESIRT 1241",
        "expTime": 80,
        "RA": "216.921",
        "dec": "-1.604",
        "filter": "i",
        "count": 1,
        "expType": "object",
        "program": "DESI Transients Survey",
        "wait": "False",
        "propid": "2025A-729671",
        "proposer": "Palmese",
        "comment": "DESI Transients Survey G15"
    },
    {
        "object": "DESIRT 1220",
        "expTime": 80,
        "RA": "217.726",
        "dec": "0.0",
        "filter": "i",
        "count": 1,
        "expType": "object",
        "program": "DESI Transients Survey",
        "wait": "False",
        "propid": "2025A-729671",
        "proposer": "Palmese",
        "comment": "DESI Transients Survey G15"
    },
    {
        "object": "DESIRT 1221",
        "expTime": 80,
        "RA": "218.544",
        "dec": "-1.61",
        "filter": "i",
        "count": 1,
        "expType": "object",
        "program": "DESI Transients Survey",
        "wait": "False",
        "propid": "2025A-729671",
        "proposer": "Palmese",
        "comment": "DESI Transients Survey G15"
    },
    {
        "object": "DESIRT 1202",
        "expTime": 80,
        "RA": "219.345",
        "dec": "0.0",
        "filter": "i",
        "count": 1,
        "expType": "object",
        "program": "DESI Transients Survey",
        "wait": "False",
        "propid": "2025A-729671",
        "proposer": "Palmese",
        "comment": "DESI Transients Survey G15"
    },
    {
        "object": "DESIRT 1203",
        "expTime": 80,
        "RA": "220.159",
        "dec": "-1.615",
        "filter": "i",
        "count": 1,
        "expType": "object",
        "program": "DESI Transients Survey",
        "wait": "False",
        "propid": "2025A-729671",
        "proposer": "Palmese",
        "comment": "DESI Transients Survey G15"
    },
    {
        "object": "DESIRT 1185",
        "expTime": 80,
        "RA": "220.955",
        "dec": "0.0",
        "filter": "i",
        "count": 1,
        "expType": "object",
        "program": "DESI Transients Survey",
        "wait": "False",
        "propid": "2025A-729671",
        "proposer": "Palmese",
        "comment": "DESI Transients Survey G15"
    },
    {
        "object": "DESIRT 1186",
        "expTime": 80,
        "RA": "221.766",
        "dec": "-1.62",
        "filter": "i",
        "count": 1,
        "expType": "object",
        "program": "DESI Transients Survey",
        "wait": "False",
        "propid": "2025A-729671",
        "proposer": "Palmese",
        "comment": "DESI Transients Survey G15"
    },
    {
        "object": "DESIRT 1169",
        "expTime": 80,
        "RA": "222.558",
        "dec": "0.0",
        "filter": "i",
        "count": 1,
        "expType": "object",
        "program": "DESI Transients Survey",
        "wait": "False",
        "propid": "2025A-729671",
        "proposer": "Palmese",
        "comment": "DESI Transients Survey G15"
    },
    {
        "object": "DESIRT 1170",
        "expTime": 80,
        "RA": "223.367",
        "dec": "-1.624",
        "filter": "i",
        "count": 1,
        "expType": "object",
        "program": "DESI Transients Survey",
        "wait": "False",
        "propid": "2025A-729671",
        "proposer": "Palmese",
        "comment": "DESI Transients Survey G15"
    }
]