[
    {
        "object": "DESIRT 20-20-1",
        "expTime": 70,
        "RA": "20.2294583",
        "dec": "-22.4306389",
        "filter": "r",
        "count": 1,
        "expType": "object",
        "program": "DESI Transients Survey",
        "wait": "False",
        "propid": "2025A-729671",
        "proposer": "Palmese",
        "comment": "DESI Transients Survey 20-20-1"
    },
    {
        "object": "DESIRT 20-20-1",
        "expTime": 70,
        "RA": "20.1287083",
        "dec": " -20.4076389",
        "filter": "r",
        "count": 1,
        "expType": "object",
        "program": "DESI Transients Survey",
        "wait": "False",
        "propid": "2025A-729671",
        "proposer": "Palmese",
        "comment": "DESI Transients Survey 20-20-1"
    },
    {
        "object": "DESIRT 20-20-1",
        "expTime": 70,
        "RA": "20.0326667",
        "dec": "-18.370861",
        "filter": "r",
        "count": 1,
        "expType": "object",
        "program": "DESI Transients Survey",
        "wait": "False",
        "propid": "2025A-729671",
        "proposer": "Palmese",
        "comment": "DESI Transients Survey 20-20-1"
    },
    {
        "object": "DESIRT 20-20-1",
        "expTime": 70,
        "RA": "21.6662375",
        "dec": " -17.3587638",
        "filter": "r",
        "count": 1,
        "expType": "object",
        "program": "DESI Transients Survey",
        "wait": "False",
        "propid": "2025A-729671",
        "proposer": "Palmese",
        "comment": "DESI Transients Survey 20-20-1"
    },
    {
        "object": "DESIRT 20-20-1",
        "expTime": 70,
        "RA": "21.7774167",
        "dec": " -19.392527",
        "filter": "r",
        "count": 1,
        "expType": "object",
        "program": "DESI Transients Survey",
        "wait": "False",
        "propid": "2025A-729671",
        "proposer": "Palmese",
        "comment": "DESI Transients Survey 20-20-1"
    }
]