[
 {
  "count": 1, 
  "proposer": "De Cicco+Shanks", 
  "ExpType": "object", 
  "object": "eFEDS1", 
  "filter": "r", 
  "program": "Stacked RM of XRQ", 
  "ra": 129.0, 
  "propid": "2020A-0906", 
  "dec": 3.0, 
  "expTime": 60
 }, 
 {
  "count": 1, 
  "proposer": "De Cicco+Shanks", 
  "ExpType": "object", 
  "object": "eFEDS9", 
  "filter": "r", 
  "program": "Stacked RM of XRQ", 
  "ra": 129.0, 
  "propid": "2020A-0906", 
  "dec": 1.0, 
  "expTime": 60
 }, 
 {
  "count": 1, 
  "proposer": "De Cicco+Shanks", 
  "ExpType": "object", 
  "object": "eFEDS17", 
  "filter": "r", 
  "program": "Stacked RM of XRQ", 
  "ra": 130.0, 
  "propid": "2020A-0906", 
  "dec": -1.0, 
  "expTime": 60
 }, 
 {
  "count": 1, 
  "proposer": "De Cicco+Shanks", 
  "ExpType": "object", 
  "object": "eFEDS2", 
  "filter": "r", 
  "program": "Stacked RM of XRQ", 
  "ra": 131.0, 
  "propid": "2020A-0906", 
  "dec": 3.0, 
  "expTime": 60
 }, 
 {
  "count": 1, 
  "proposer": "De Cicco+Shanks", 
  "ExpType": "object", 
  "object": "eFEDS10", 
  "filter": "r", 
  "program": "Stacked RM of XRQ", 
  "ra": 131.0, 
  "propid": "2020A-0906", 
  "dec": 1.0, 
  "expTime": 60
 }, 
 {
  "count": 1, 
  "proposer": "De Cicco+Shanks", 
  "ExpType": "object", 
  "object": "eFEDS21", 
  "filter": "r", 
  "program": "Stacked RM of XRQ", 
  "ra": 132.0, 
  "propid": "2020A-0906", 
  "dec": -1.0, 
  "expTime": 60
 }, 
 {
  "count": 1, 
  "proposer": "De Cicco+Shanks", 
  "ExpType": "object", 
  "object": "eFEDS3", 
  "filter": "r", 
  "program": "Stacked RM of XRQ", 
  "ra": 133.0, 
  "propid": "2020A-0906", 
  "dec": 3.0, 
  "expTime": 60
 }, 
 {
  "count": 1, 
  "proposer": "De Cicco+Shanks", 
  "ExpType": "object", 
  "object": "eFEDS11", 
  "filter": "r", 
  "program": "Stacked RM of XRQ", 
  "ra": 133.0, 
  "propid": "2020A-0906", 
  "dec": 1.0, 
  "expTime": 60
 }, 
 {
  "count": 1, 
  "proposer": "De Cicco+Shanks", 
  "ExpType": "object", 
  "object": "eFEDS18", 
  "filter": "r", 
  "program": "Stacked RM of XRQ", 
  "ra": 134.0, 
  "propid": "2020A-0906", 
  "dec": -1.0, 
  "expTime": 60
 }, 
 {
  "count": 1, 
  "proposer": "De Cicco+Shanks", 
  "ExpType": "object", 
  "object": "eFEDS12", 
  "filter": "r", 
  "program": "Stacked RM of XRQ", 
  "ra": 135.0, 
  "propid": "2020A-0906", 
  "dec": 1.0, 
  "expTime": 60
 }, 
 {
  "count": 1, 
  "proposer": "De Cicco+Shanks", 
  "ExpType": "object", 
  "object": "eFEDS4", 
  "filter": "r", 
  "program": "Stacked RM of XRQ", 
  "ra": 135.0, 
  "propid": "2020A-0906", 
  "dec": 3.0, 
  "expTime": 60
 }, 
 {
  "count": 1, 
  "proposer": "De Cicco+Shanks", 
  "ExpType": "object", 
  "object": "eFEDS22", 
  "filter": "r", 
  "program": "Stacked RM of XRQ", 
  "ra": 136.0, 
  "propid": "2020A-0906", 
  "dec": -1.0, 
  "expTime": 60
 }, 
 {
  "count": 1, 
  "proposer": "De Cicco+Shanks", 
  "ExpType": "object", 
  "object": "eFEDS5", 
  "filter": "r", 
  "program": "Stacked RM of XRQ", 
  "ra": 137.0, 
  "propid": "2020A-0906", 
  "dec": 3.0, 
  "expTime": 60
 }, 
 {
  "count": 1, 
  "proposer": "De Cicco+Shanks", 
  "ExpType": "object", 
  "object": "eFEDS13", 
  "filter": "r", 
  "program": "Stacked RM of XRQ", 
  "ra": 137.0, 
  "propid": "2020A-0906", 
  "dec": 1.0, 
  "expTime": 60
 }, 
 {
  "count": 1, 
  "proposer": "De Cicco+Shanks", 
  "ExpType": "object", 
  "object": "eFEDS19", 
  "filter": "r", 
  "program": "Stacked RM of XRQ", 
  "ra": 138.0, 
  "propid": "2020A-0906", 
  "dec": -1.0, 
  "expTime": 60
 }, 
 {
  "count": 1, 
  "proposer": "De Cicco+Shanks", 
  "ExpType": "object", 
  "object": "eFEDS14", 
  "filter": "r", 
  "program": "Stacked RM of XRQ", 
  "ra": 139.0, 
  "propid": "2020A-0906", 
  "dec": 1.0, 
  "expTime": 60
 }, 
 {
  "count": 1, 
  "proposer": "De Cicco+Shanks", 
  "ExpType": "object", 
  "object": "eFEDS6", 
  "filter": "r", 
  "program": "Stacked RM of XRQ", 
  "ra": 139.0, 
  "propid": "2020A-0906", 
  "dec": 3.0, 
  "expTime": 60
 }, 
 {
  "count": 1, 
  "proposer": "De Cicco+Shanks", 
  "ExpType": "object", 
  "object": "eFEDS23", 
  "filter": "r", 
  "program": "Stacked RM of XRQ", 
  "ra": 140.0, 
  "propid": "2020A-0906", 
  "dec": -1.0, 
  "expTime": 60
 }, 
 {
  "count": 1, 
  "proposer": "De Cicco+Shanks", 
  "ExpType": "object", 
  "object": "eFEDS7", 
  "filter": "r", 
  "program": "Stacked RM of XRQ", 
  "ra": 141.0, 
  "propid": "2020A-0906", 
  "dec": 3.0, 
  "expTime": 60
 }, 
 {
  "count": 1, 
  "proposer": "De Cicco+Shanks", 
  "ExpType": "object", 
  "object": "eFEDS15", 
  "filter": "r", 
  "program": "Stacked RM of XRQ", 
  "ra": 141.0, 
  "propid": "2020A-0906", 
  "dec": 1.0, 
  "expTime": 60
 }, 
 {
  "count": 1, 
  "proposer": "De Cicco+Shanks", 
  "ExpType": "object", 
  "object": "eFEDS20", 
  "filter": "r", 
  "program": "Stacked RM of XRQ", 
  "ra": 142.0, 
  "propid": "2020A-0906", 
  "dec": -1.0, 
  "expTime": 60
 }
]
