[
	{
		"count": 1,
		"filter": "g",
		"exptime": 15.0,
		"RA": 31.066620,
		"dec": 23.316460,
		"object": "2021abko_P1",
		"program": "DECAT",
		"expType": "object",
		"note": "None",
		"comment": "2021abko",
		"wait": "False",
		"propid": "2020B-0053"
	},
	{
		"count": 1,
		"filter": "r",
		"exptime": 15.0,
		"RA": 31.066620,
		"dec": 23.316460,
		"object": "2021abko_P1",
		"program": "DECAT",
		"expType": "object",
		"note": "None",
		"comment": "2021abko",
		"wait": "False",
		"propid": "2020B-0053"
	},
	{
		"count": 1,
		"filter": "i",
		"exptime": 15.0,
		"RA": 31.066620,
		"dec": 23.316460,
		"object": "2021abko_P1",
		"program": "DECAT",
		"expType": "object",
		"note": "None",
		"comment": "2021abko",
		"wait": "False",
		"propid": "2020B-0053"
	},
	{
		"count": 1,
		"filter": "z",
		"exptime": 15.0,
		"RA": 31.066620,
		"dec": 23.316460,
		"object": "2021abko_P1",
		"program": "DECAT",
		"expType": "object",
		"note": "None",
		"comment": "2021abko",
		"wait": "False",
		"propid": "2020B-0053"
	}
]
