[
	{
		"count": 1,
		"filter": "g",
		"exptime": 15.0,
		"RA": 5.351010,
		"dec": 15.515270,
		"object": "2021acgk_P1",
		"program": "DECAT",
		"expType": "object",
		"note": "None",
		"comment": "2021acgk",
		"wait": "False",
		"propid": "2020B-0053"
	},
	{
		"count": 1,
		"filter": "r",
		"exptime": 15.0,
		"RA": 5.351010,
		"dec": 15.515270,
		"object": "2021acgk_P1",
		"program": "DECAT",
		"expType": "object",
		"note": "None",
		"comment": "2021acgk",
		"wait": "False",
		"propid": "2020B-0053"
	},
	{
		"count": 1,
		"filter": "i",
		"exptime": 15.0,
		"RA": 5.351010,
		"dec": 15.515270,
		"object": "2021acgk_P1",
		"program": "DECAT",
		"expType": "object",
		"note": "None",
		"comment": "2021acgk",
		"wait": "False",
		"propid": "2020B-0053"
	},
	{
		"count": 1,
		"filter": "z",
		"exptime": 15.0,
		"RA": 5.351010,
		"dec": 15.515270,
		"object": "2021acgk_P1",
		"program": "DECAT",
		"expType": "object",
		"note": "None",
		"comment": "2021acgk",
		"wait": "False",
		"propid": "2020B-0053"
	}
]
