[
	{
		"count": 1,
		"filter": "g",
		"exptime": 15.0,
		"RA": 356.418820,
		"dec": -16.423810,
		"object": "2021abds_P1",
		"program": "DECAT",
		"expType": "object",
		"note": "None",
		"comment": "2021abds",
		"wait": "False",
		"propid": "2020B-0053"
	},
	{
		"count": 1,
		"filter": "r",
		"exptime": 15.0,
		"RA": 356.418820,
		"dec": -16.423810,
		"object": "2021abds_P1",
		"program": "DECAT",
		"expType": "object",
		"note": "None",
		"comment": "2021abds",
		"wait": "False",
		"propid": "2020B-0053"
	},
	{
		"count": 1,
		"filter": "i",
		"exptime": 15.0,
		"RA": 356.418820,
		"dec": -16.423810,
		"object": "2021abds_P1",
		"program": "DECAT",
		"expType": "object",
		"note": "None",
		"comment": "2021abds",
		"wait": "False",
		"propid": "2020B-0053"
	},
	{
		"count": 1,
		"filter": "z",
		"exptime": 15.0,
		"RA": 356.418820,
		"dec": -16.423810,
		"object": "2021abds_P1",
		"program": "DECAT",
		"expType": "object",
		"note": "None",
		"comment": "2021abds",
		"wait": "False",
		"propid": "2020B-0053"
	}
]
