[
	{
		"count": 1,
		"filter": "g",
		"exptime": 15.0,
		"RA": 135.820110,
		"dec": -8.568860,
		"object": "2021aceo_P1",
		"program": "DECAT",
		"expType": "object",
		"note": "None",
		"comment": "2021aceo",
		"wait": "False",
		"propid": "2020B-0053"
	},
	{
		"count": 1,
		"filter": "r",
		"exptime": 15.0,
		"RA": 135.820110,
		"dec": -8.568860,
		"object": "2021aceo_P1",
		"program": "DECAT",
		"expType": "object",
		"note": "None",
		"comment": "2021aceo",
		"wait": "False",
		"propid": "2020B-0053"
	},
	{
		"count": 1,
		"filter": "i",
		"exptime": 15.0,
		"RA": 135.820110,
		"dec": -8.568860,
		"object": "2021aceo_P1",
		"program": "DECAT",
		"expType": "object",
		"note": "None",
		"comment": "2021aceo",
		"wait": "False",
		"propid": "2020B-0053"
	},
	{
		"count": 1,
		"filter": "z",
		"exptime": 15.0,
		"RA": 135.820110,
		"dec": -8.568860,
		"object": "2021aceo_P1",
		"program": "DECAT",
		"expType": "object",
		"note": "None",
		"comment": "2021aceo",
		"wait": "False",
		"propid": "2020B-0053"
	}
]
