[
	{
		"count": 1,
		"filter": "g",
		"exptime": 15.0,
		"RA": 30.713840,
		"dec": -44.656650,
		"object": "2021aafz_P1",
		"program": "DECAT",
		"expType": "object",
		"note": "None",
		"comment": "2021aafz",
		"wait": "False",
		"propid": "2020B-0053"
	},
	{
		"count": 1,
		"filter": "r",
		"exptime": 15.0,
		"RA": 30.713840,
		"dec": -44.656650,
		"object": "2021aafz_P1",
		"program": "DECAT",
		"expType": "object",
		"note": "None",
		"comment": "2021aafz",
		"wait": "False",
		"propid": "2020B-0053"
	},
	{
		"count": 1,
		"filter": "i",
		"exptime": 15.0,
		"RA": 30.713840,
		"dec": -44.656650,
		"object": "2021aafz_P1",
		"program": "DECAT",
		"expType": "object",
		"note": "None",
		"comment": "2021aafz",
		"wait": "False",
		"propid": "2020B-0053"
	},
	{
		"count": 1,
		"filter": "z",
		"exptime": 15.0,
		"RA": 30.713840,
		"dec": -44.656650,
		"object": "2021aafz_P1",
		"program": "DECAT",
		"expType": "object",
		"note": "None",
		"comment": "2021aafz",
		"wait": "False",
		"propid": "2020B-0053"
	}
]
