[
	{
		"count": 1,
		"filter": "g",
		"exptime": 15.0,
		"RA": 64.095530,
		"dec": -26.050410,
		"object": "2021abuz_P1",
		"program": "DECAT",
		"expType": "object",
		"note": "None",
		"comment": "2021abuz",
		"wait": "False",
		"propid": "2020B-0053"
	},
	{
		"count": 1,
		"filter": "r",
		"exptime": 15.0,
		"RA": 64.095530,
		"dec": -26.050410,
		"object": "2021abuz_P1",
		"program": "DECAT",
		"expType": "object",
		"note": "None",
		"comment": "2021abuz",
		"wait": "False",
		"propid": "2020B-0053"
	},
	{
		"count": 1,
		"filter": "i",
		"exptime": 15.0,
		"RA": 64.095530,
		"dec": -26.050410,
		"object": "2021abuz_P1",
		"program": "DECAT",
		"expType": "object",
		"note": "None",
		"comment": "2021abuz",
		"wait": "False",
		"propid": "2020B-0053"
	},
	{
		"count": 1,
		"filter": "z",
		"exptime": 15.0,
		"RA": 64.095530,
		"dec": -26.050410,
		"object": "2021abuz_P1",
		"program": "DECAT",
		"expType": "object",
		"note": "None",
		"comment": "2021abuz",
		"wait": "False",
		"propid": "2020B-0053"
	}
]
