[
	{
		"count": 1,
		"filter": "g",
		"exptime": 15.0,
		"RA": 1.121030,
		"dec": -35.165600,
		"object": "2021aaqb_P1",
		"program": "DECAT",
		"expType": "object",
		"note": "None",
		"comment": "2021aaqb",
		"wait": "False",
		"propid": "2020B-0053"
	},
	{
		"count": 1,
		"filter": "r",
		"exptime": 15.0,
		"RA": 1.121030,
		"dec": -35.165600,
		"object": "2021aaqb_P1",
		"program": "DECAT",
		"expType": "object",
		"note": "None",
		"comment": "2021aaqb",
		"wait": "False",
		"propid": "2020B-0053"
	},
	{
		"count": 1,
		"filter": "i",
		"exptime": 15.0,
		"RA": 1.121030,
		"dec": -35.165600,
		"object": "2021aaqb_P1",
		"program": "DECAT",
		"expType": "object",
		"note": "None",
		"comment": "2021aaqb",
		"wait": "False",
		"propid": "2020B-0053"
	},
	{
		"count": 1,
		"filter": "z",
		"exptime": 15.0,
		"RA": 1.121030,
		"dec": -35.165600,
		"object": "2021aaqb_P1",
		"program": "DECAT",
		"expType": "object",
		"note": "None",
		"comment": "2021aaqb",
		"wait": "False",
		"propid": "2020B-0053"
	}
]
