[
	{
		"count": 1,
		"filter": "g",
		"exptime": 15.0,
		"RA": 67.453800,
		"dec": -32.384790,
		"object": "2021abva_P1",
		"program": "DECAT",
		"expType": "object",
		"note": "None",
		"comment": "2021abva",
		"wait": "False",
		"propid": "2020B-0053"
	},
	{
		"count": 1,
		"filter": "r",
		"exptime": 15.0,
		"RA": 67.453800,
		"dec": -32.384790,
		"object": "2021abva_P1",
		"program": "DECAT",
		"expType": "object",
		"note": "None",
		"comment": "2021abva",
		"wait": "False",
		"propid": "2020B-0053"
	},
	{
		"count": 1,
		"filter": "i",
		"exptime": 15.0,
		"RA": 67.453800,
		"dec": -32.384790,
		"object": "2021abva_P1",
		"program": "DECAT",
		"expType": "object",
		"note": "None",
		"comment": "2021abva",
		"wait": "False",
		"propid": "2020B-0053"
	},
	{
		"count": 1,
		"filter": "z",
		"exptime": 15.0,
		"RA": 67.453800,
		"dec": -32.384790,
		"object": "2021abva_P1",
		"program": "DECAT",
		"expType": "object",
		"note": "None",
		"comment": "2021abva",
		"wait": "False",
		"propid": "2020B-0053"
	}
]
