[
	{
		"count": 1,
		"filter": "g",
		"exptime": 15.0,
		"RA": 11.945390,
		"dec": 14.407250,
		"object": "2021abze_P1",
		"program": "DECAT",
		"expType": "object",
		"note": "None",
		"comment": "2021abze",
		"wait": "False",
		"propid": "2020B-0053"
	},
	{
		"count": 1,
		"filter": "r",
		"exptime": 15.0,
		"RA": 11.945390,
		"dec": 14.407250,
		"object": "2021abze_P1",
		"program": "DECAT",
		"expType": "object",
		"note": "None",
		"comment": "2021abze",
		"wait": "False",
		"propid": "2020B-0053"
	},
	{
		"count": 1,
		"filter": "i",
		"exptime": 15.0,
		"RA": 11.945390,
		"dec": 14.407250,
		"object": "2021abze_P1",
		"program": "DECAT",
		"expType": "object",
		"note": "None",
		"comment": "2021abze",
		"wait": "False",
		"propid": "2020B-0053"
	},
	{
		"count": 1,
		"filter": "z",
		"exptime": 15.0,
		"RA": 11.945390,
		"dec": 14.407250,
		"object": "2021abze_P1",
		"program": "DECAT",
		"expType": "object",
		"note": "None",
		"comment": "2021abze",
		"wait": "False",
		"propid": "2020B-0053"
	}
]
