[
	{
		"count": 1,
		"filter": "g",
		"exptime": 15.0,
		"RA": 21.399370,
		"dec": 8.687530,
		"object": "2021ackd_P1",
		"program": "DECAT",
		"expType": "object",
		"note": "None",
		"comment": "2021ackd",
		"wait": "False",
		"propid": "2020B-0053"
	},
	{
		"count": 1,
		"filter": "r",
		"exptime": 15.0,
		"RA": 21.399370,
		"dec": 8.687530,
		"object": "2021ackd_P1",
		"program": "DECAT",
		"expType": "object",
		"note": "None",
		"comment": "2021ackd",
		"wait": "False",
		"propid": "2020B-0053"
	},
	{
		"count": 1,
		"filter": "i",
		"exptime": 15.0,
		"RA": 21.399370,
		"dec": 8.687530,
		"object": "2021ackd_P1",
		"program": "DECAT",
		"expType": "object",
		"note": "None",
		"comment": "2021ackd",
		"wait": "False",
		"propid": "2020B-0053"
	},
	{
		"count": 1,
		"filter": "z",
		"exptime": 15.0,
		"RA": 21.399370,
		"dec": 8.687530,
		"object": "2021ackd_P1",
		"program": "DECAT",
		"expType": "object",
		"note": "None",
		"comment": "2021ackd",
		"wait": "False",
		"propid": "2020B-0053"
	}
]
