[
	{
		"count": 1,
		"filter": "g",
		"exptime": 15.0,
		"RA": 71.745430,
		"dec": 1.127270,
		"object": "2021abzo_P1",
		"program": "DECAT",
		"expType": "object",
		"note": "None",
		"comment": "2021abzo",
		"wait": "False",
		"propid": "2020B-0053"
	},
	{
		"count": 1,
		"filter": "r",
		"exptime": 15.0,
		"RA": 71.745430,
		"dec": 1.127270,
		"object": "2021abzo_P1",
		"program": "DECAT",
		"expType": "object",
		"note": "None",
		"comment": "2021abzo",
		"wait": "False",
		"propid": "2020B-0053"
	},
	{
		"count": 1,
		"filter": "i",
		"exptime": 15.0,
		"RA": 71.745430,
		"dec": 1.127270,
		"object": "2021abzo_P1",
		"program": "DECAT",
		"expType": "object",
		"note": "None",
		"comment": "2021abzo",
		"wait": "False",
		"propid": "2020B-0053"
	},
	{
		"count": 1,
		"filter": "z",
		"exptime": 15.0,
		"RA": 71.745430,
		"dec": 1.127270,
		"object": "2021abzo_P1",
		"program": "DECAT",
		"expType": "object",
		"note": "None",
		"comment": "2021abzo",
		"wait": "False",
		"propid": "2020B-0053"
	}
]
