[
	{
		"count": 1,
		"filter": "g",
		"exptime": 15.0,
		"RA": 338.883880,
		"dec": -20.578060,
		"object": "2021abcl_P1",
		"program": "DECAT",
		"expType": "object",
		"note": "None",
		"comment": "2021abcl",
		"wait": "False",
		"propid": "2020B-0053"
	},
	{
		"count": 1,
		"filter": "r",
		"exptime": 15.0,
		"RA": 338.883880,
		"dec": -20.578060,
		"object": "2021abcl_P1",
		"program": "DECAT",
		"expType": "object",
		"note": "None",
		"comment": "2021abcl",
		"wait": "False",
		"propid": "2020B-0053"
	},
	{
		"count": 1,
		"filter": "i",
		"exptime": 15.0,
		"RA": 338.883880,
		"dec": -20.578060,
		"object": "2021abcl_P1",
		"program": "DECAT",
		"expType": "object",
		"note": "None",
		"comment": "2021abcl",
		"wait": "False",
		"propid": "2020B-0053"
	},
	{
		"count": 1,
		"filter": "z",
		"exptime": 15.0,
		"RA": 338.883880,
		"dec": -20.578060,
		"object": "2021abcl_P1",
		"program": "DECAT",
		"expType": "object",
		"note": "None",
		"comment": "2021abcl",
		"wait": "False",
		"propid": "2020B-0053"
	}
]
