[
	{
		"count": 1,
		"filter": "g",
		"exptime": 15.0,
		"RA": 83.089060,
		"dec": -24.555760,
		"object": "2021aabw_P1",
		"program": "DECAT",
		"expType": "object",
		"note": "None",
		"comment": "2021aabw",
		"wait": "False",
		"propid": "2020B-0053"
	},
	{
		"count": 1,
		"filter": "r",
		"exptime": 15.0,
		"RA": 83.089060,
		"dec": -24.555760,
		"object": "2021aabw_P1",
		"program": "DECAT",
		"expType": "object",
		"note": "None",
		"comment": "2021aabw",
		"wait": "False",
		"propid": "2020B-0053"
	},
	{
		"count": 1,
		"filter": "i",
		"exptime": 15.0,
		"RA": 83.089060,
		"dec": -24.555760,
		"object": "2021aabw_P1",
		"program": "DECAT",
		"expType": "object",
		"note": "None",
		"comment": "2021aabw",
		"wait": "False",
		"propid": "2020B-0053"
	},
	{
		"count": 1,
		"filter": "z",
		"exptime": 15.0,
		"RA": 83.089060,
		"dec": -24.555760,
		"object": "2021aabw_P1",
		"program": "DECAT",
		"expType": "object",
		"note": "None",
		"comment": "2021aabw",
		"wait": "False",
		"propid": "2020B-0053"
	}
]
