[
	{
		"count": 1,
		"filter": "g",
		"exptime": 15.0,
		"RA": 85.837430,
		"dec": -41.240500,
		"object": "2021aaga_P1",
		"program": "DECAT",
		"expType": "object",
		"note": "None",
		"comment": "2021aaga",
		"wait": "False",
		"propid": "2020B-0053"
	},
	{
		"count": 1,
		"filter": "r",
		"exptime": 15.0,
		"RA": 85.837430,
		"dec": -41.240500,
		"object": "2021aaga_P1",
		"program": "DECAT",
		"expType": "object",
		"note": "None",
		"comment": "2021aaga",
		"wait": "False",
		"propid": "2020B-0053"
	},
	{
		"count": 1,
		"filter": "i",
		"exptime": 15.0,
		"RA": 85.837430,
		"dec": -41.240500,
		"object": "2021aaga_P1",
		"program": "DECAT",
		"expType": "object",
		"note": "None",
		"comment": "2021aaga",
		"wait": "False",
		"propid": "2020B-0053"
	},
	{
		"count": 1,
		"filter": "z",
		"exptime": 15.0,
		"RA": 85.837430,
		"dec": -41.240500,
		"object": "2021aaga_P1",
		"program": "DECAT",
		"expType": "object",
		"note": "None",
		"comment": "2021aaga",
		"wait": "False",
		"propid": "2020B-0053"
	}
]
