[
	{
		"count": 1,
		"filter": "g",
		"exptime": 15.0,
		"RA": 114.489840,
		"dec": -2.478410,
		"object": "2021aatq_P1",
		"program": "DECAT",
		"expType": "object",
		"note": "None",
		"comment": "2021aatq",
		"wait": "False",
		"propid": "2020B-0053"
	},
	{
		"count": 1,
		"filter": "r",
		"exptime": 15.0,
		"RA": 114.489840,
		"dec": -2.478410,
		"object": "2021aatq_P1",
		"program": "DECAT",
		"expType": "object",
		"note": "None",
		"comment": "2021aatq",
		"wait": "False",
		"propid": "2020B-0053"
	},
	{
		"count": 1,
		"filter": "i",
		"exptime": 15.0,
		"RA": 114.489840,
		"dec": -2.478410,
		"object": "2021aatq_P1",
		"program": "DECAT",
		"expType": "object",
		"note": "None",
		"comment": "2021aatq",
		"wait": "False",
		"propid": "2020B-0053"
	},
	{
		"count": 1,
		"filter": "z",
		"exptime": 15.0,
		"RA": 114.489840,
		"dec": -2.478410,
		"object": "2021aatq_P1",
		"program": "DECAT",
		"expType": "object",
		"note": "None",
		"comment": "2021aatq",
		"wait": "False",
		"propid": "2020B-0053"
	}
]
