[
	{
		"count": 1,
		"filter": "g",
		"exptime": 15.0,
		"RA": 90.728160,
		"dec": -27.060710,
		"object": "2021aare_P1",
		"program": "DECAT",
		"expType": "object",
		"note": "None",
		"comment": "2021aare",
		"wait": "False",
		"propid": "2020B-0053"
	},
	{
		"count": 1,
		"filter": "r",
		"exptime": 15.0,
		"RA": 90.728160,
		"dec": -27.060710,
		"object": "2021aare_P1",
		"program": "DECAT",
		"expType": "object",
		"note": "None",
		"comment": "2021aare",
		"wait": "False",
		"propid": "2020B-0053"
	},
	{
		"count": 1,
		"filter": "i",
		"exptime": 15.0,
		"RA": 90.728160,
		"dec": -27.060710,
		"object": "2021aare_P1",
		"program": "DECAT",
		"expType": "object",
		"note": "None",
		"comment": "2021aare",
		"wait": "False",
		"propid": "2020B-0053"
	},
	{
		"count": 1,
		"filter": "z",
		"exptime": 15.0,
		"RA": 90.728160,
		"dec": -27.060710,
		"object": "2021aare_P1",
		"program": "DECAT",
		"expType": "object",
		"note": "None",
		"comment": "2021aare",
		"wait": "False",
		"propid": "2020B-0053"
	}
]
