[
	{
		"count": 1,
		"filter": "g",
		"exptime": 15.0,
		"RA": 74.503050,
		"dec": -22.381120,
		"object": "2021ablx_P1",
		"program": "DECAT",
		"expType": "object",
		"note": "None",
		"comment": "2021ablx",
		"wait": "False",
		"propid": "2020B-0053"
	},
	{
		"count": 1,
		"filter": "r",
		"exptime": 15.0,
		"RA": 74.503050,
		"dec": -22.381120,
		"object": "2021ablx_P1",
		"program": "DECAT",
		"expType": "object",
		"note": "None",
		"comment": "2021ablx",
		"wait": "False",
		"propid": "2020B-0053"
	},
	{
		"count": 1,
		"filter": "i",
		"exptime": 15.0,
		"RA": 74.503050,
		"dec": -22.381120,
		"object": "2021ablx_P1",
		"program": "DECAT",
		"expType": "object",
		"note": "None",
		"comment": "2021ablx",
		"wait": "False",
		"propid": "2020B-0053"
	},
	{
		"count": 1,
		"filter": "z",
		"exptime": 15.0,
		"RA": 74.503050,
		"dec": -22.381120,
		"object": "2021ablx_P1",
		"program": "DECAT",
		"expType": "object",
		"note": "None",
		"comment": "2021ablx",
		"wait": "False",
		"propid": "2020B-0053"
	}
]
