[
	{
		"count": 1,
		"filter": "g",
		"exptime": 15.0,
		"RA": 37.059580,
		"dec": -7.253110,
		"object": "2021acfj_P1",
		"program": "DECAT",
		"expType": "object",
		"note": "None",
		"comment": "2021acfj",
		"wait": "False",
		"propid": "2020B-0053"
	},
	{
		"count": 1,
		"filter": "r",
		"exptime": 15.0,
		"RA": 37.059580,
		"dec": -7.253110,
		"object": "2021acfj_P1",
		"program": "DECAT",
		"expType": "object",
		"note": "None",
		"comment": "2021acfj",
		"wait": "False",
		"propid": "2020B-0053"
	},
	{
		"count": 1,
		"filter": "i",
		"exptime": 15.0,
		"RA": 37.059580,
		"dec": -7.253110,
		"object": "2021acfj_P1",
		"program": "DECAT",
		"expType": "object",
		"note": "None",
		"comment": "2021acfj",
		"wait": "False",
		"propid": "2020B-0053"
	},
	{
		"count": 1,
		"filter": "z",
		"exptime": 15.0,
		"RA": 37.059580,
		"dec": -7.253110,
		"object": "2021acfj_P1",
		"program": "DECAT",
		"expType": "object",
		"note": "None",
		"comment": "2021acfj",
		"wait": "False",
		"propid": "2020B-0053"
	}
]
