[
	{
		"count": 1,
		"filter": "g",
		"exptime": 15.0,
		"RA": 75.039530,
		"dec": -16.912070,
		"object": "2021aazj_P1",
		"program": "DECAT",
		"expType": "object",
		"note": "None",
		"comment": "2021aazj",
		"wait": "False",
		"propid": "2020B-0053"
	},
	{
		"count": 1,
		"filter": "r",
		"exptime": 15.0,
		"RA": 75.039530,
		"dec": -16.912070,
		"object": "2021aazj_P1",
		"program": "DECAT",
		"expType": "object",
		"note": "None",
		"comment": "2021aazj",
		"wait": "False",
		"propid": "2020B-0053"
	},
	{
		"count": 1,
		"filter": "i",
		"exptime": 15.0,
		"RA": 75.039530,
		"dec": -16.912070,
		"object": "2021aazj_P1",
		"program": "DECAT",
		"expType": "object",
		"note": "None",
		"comment": "2021aazj",
		"wait": "False",
		"propid": "2020B-0053"
	},
	{
		"count": 1,
		"filter": "z",
		"exptime": 15.0,
		"RA": 75.039530,
		"dec": -16.912070,
		"object": "2021aazj_P1",
		"program": "DECAT",
		"expType": "object",
		"note": "None",
		"comment": "2021aazj",
		"wait": "False",
		"propid": "2020B-0053"
	}
]
