[
    {
        "object": "DESIRT 315",
        "expTime": 80,
        "RA": "319.161",
        "dec": "-11.161",
        "filter": "i",
        "count": 1,
        "expType": "object",
        "program": "DESI Transients Survey",
        "wait": "False",
        "propid": "2025A-729671",
        "proposer": "Palmese",
        "comment": "DESI Transients Survey 315"
    },
    {
        "object": "DESIRT 315",
        "expTime": 80,
        "RA": "322.539875",
        "dec": "-11.1395",
        "filter": "i",
        "count": 1,
        "expType": "object",
        "program": "DESI Transients Survey",
        "wait": "False",
        "propid": "2025A-729671",
        "proposer": "Palmese",
        "comment": "DESI Transients Survey 315"
    },
    {
        "object": "DESIRT 315",
        "expTime": 80,
        "RA": "323.526",
        "dec": "-12.622",
        "filter": "i",
        "count": 1,
        "expType": "object",
        "program": "DESI Transients Survey",
        "wait": "False",
        "propid": "2025A-729671",
        "proposer": "Palmese",
        "comment": "DESI Transients Survey 315"
    },
    {
        "object": "DESIRT 315",
        "expTime": 80,
        "RA": "321.821458333333",
        "dec": "-12.6400277777778",
        "filter": "i",
        "count": 1,
        "expType": "object",
        "program": "DESI Transients Survey",
        "wait": "False",
        "propid": "2025A-729671",
        "proposer": "Palmese",
        "comment": "DESI Transients Survey 315"
    },
    {
        "object": "DESIRT 315",
        "expTime": 80,
        "RA": "320.111666666667",
        "dec": "-12.6490555555556",
        "filter": "i",
        "count": 1,
        "expType": "object",
        "program": "DESI Transients Survey",
        "wait": "False",
        "propid": "2025A-729671",
        "proposer": "Palmese",
        "comment": "DESI Transients Survey 315"
    }
]