[
{
  "count": 1,
  "expType": "object",
  "object": "twilight1",
  "filter": "r",
  "RA": "08:57:30.0",
  "dec": "-07:00:00.0",
  "expTime": 35,
  "program": "A Twilight Survey For Asteroids Interior to Earths Orbit", 
  "proposer": "Sheppard",
  "propid": "2021B-0909",
  "earlyTime": "2022-09-14 09:39:00Z",
  "lateTime": "2022-09-14 09:52:00Z"
 },
 {
  "count": 1,
  "expType": "object",
  "object": "twilight2",
  "filter": "r",
  "RA": "09:01:00.0",
  "dec": "-08:30:00.0",
  "expTime": 35,
  "program": "A Twilight Survey For Asteroids Interior to Earths Orbit", 
  "proposer": "Sheppard",
  "propid": "2021B-0909",
  "earlyTime": "2022-09-14 09:39:00Z",
  "lateTime": "2022-09-14 09:52:00Z"
},
{
  "count": 1,
  "expType": "object",
  "object": "twilight3",
  "filter": "r",
  "RA": "09:06:00.0",
  "dec": "-10:00:00.0",
  "expTime": 30,
  "program": "A Twilight Survey For Asteroids Interior to Earths Orbit", 
  "proposer": "Sheppard",
  "propid": "2021B-0909",
  "earlyTime": "2022-09-14 09:39:00Z",
  "lateTime": "2022-09-14 09:52:00Z"
},
{
  "count": 1,
  "expType": "object",
  "object": "twilight1",
  "filter": "r",
  "RA": "08:57:30.0",
  "dec": "-07:00:00.0",
  "expTime": 35,
  "program": "A Twilight Survey For Asteroids Interior to Earths Orbit", 
  "proposer": "Sheppard",
  "propid": "2021B-0909",
  "earlyTime": "2022-09-14 09:39:00Z",
  "lateTime": "2022-09-14 09:52:00Z"
},
{
  "count": 1,
  "expType": "object",
  "object": "twilight2",
  "filter": "r",
  "RA": "09:01:00.0",
  "dec": "-08:30:00.0",
  "expTime": 35,
  "program": "A Twilight Survey For Asteroids Interior to Earths Orbit", 
  "proposer": "Sheppard",
  "propid": "2021B-0909",
  "earlyTime": "2022-09-14 09:39:00Z",
  "lateTime": "2022-09-14 09:52:00Z"
},
{
  "count": 1,
  "expType": "object",
  "object": "twilight3",
  "filter": "r",
  "RA": "09:06:00.0",
  "dec": "-10:00:00.0",
  "expTime": 30,
  "program": "A Twilight Survey For Asteroids Interior to Earths Orbit", 
  "proposer": "Sheppard",
  "propid": "2021B-0909",
  "earlyTime": "2022-09-14 09:39:00Z",
  "lateTime": "2022-09-14 09:52:00Z"
}
]
