[
    {
        "filter": "r",
        "program": "des nu",
        "seqtot": 6,
        "seqnum": 1,
        "expType": "object",
        "object": "DESNU IC210922A hex 1 of 6",
        "comment": "DESNU IC210922A hex 1 of 6",
        "note": "Added to queue from desnu json file, not obstac",
        "seqid": "IC210922A",
        "RA": 60.8299,
        "propid": "2021A-0246",
        "dec": -4.1799,
        "exptime": 150,
        "wait": "False"
    },
    {
        "filter": "r",
        "program": "des nu",
        "seqtot": 6,
        "seqnum": 2,
        "expType": "object",
        "object": "DESNU IC210922A hex 2 of 6",
        "comment": "DESNU IC210922A hex 2 of 6",
        "note": "Added to queue from desnu json file, not obstac",
        "seqid": "IC210922A",
        "RA": 60.846611116420965,
        "propid": "2021A-0246",
        "dec": -4.163233333333333,
        "exptime": 150,
        "wait": "False"
    },
    {
        "filter": "i",
        "program": "des nu",
        "seqtot": 6,
        "seqnum": 3,
        "expType": "object",
        "object": "DESNU IC210922A hex 3 of 6",
        "comment": "DESNU IC210922A hex 3 of 6",
        "note": "Added to queue from desnu json file, not obstac",
        "seqid": "IC210922A",
        "RA": 60.8299,
        "propid": "2021A-0246",
        "dec": -4.1799,
        "exptime": 150,
        "wait": "False"
    },
    {
        "filter": "i",
        "program": "des nu",
        "seqtot": 6,
        "seqnum": 4,
        "expType": "object",
        "object": "DESNU IC210922A hex 4 of 6",
        "comment": "DESNU IC210922A hex 4 of 6",
        "note": "Added to queue from desnu json file, not obstac",
        "seqid": "IC210922A",
        "RA": 60.846611116420965,
        "propid": "2021A-0246",
        "dec": -4.163233333333333,
        "exptime": 150,
        "wait": "False"
    },
    {
        "filter": "z",
        "program": "des nu",
        "seqtot": 6,
        "seqnum": 5,
        "expType": "object",
        "object": "DESNU IC210922A hex 5 of 6",
        "comment": "DESNU IC210922A hex 5 of 6",
        "note": "Added to queue from desnu json file, not obstac",
        "seqid": "IC210922A",
        "RA": 60.8299,
        "propid": "2021A-0246",
        "dec": -4.1799,
        "exptime": 150,
        "wait": "False"
    },
    {
        "filter": "z",
        "program": "des nu",
        "seqtot": 6,
        "seqnum": 6,
        "expType": "object",
        "object": "DESNU IC210922A hex 6 of 6",
        "comment": "DESNU IC210922A hex 6 of 6",
        "note": "Added to queue from desnu json file, not obstac",
        "seqid": "IC210922A",
        "RA": 60.846611116420965,
        "propid": "2021A-0246",
        "dec": -4.163233333333333,
        "exptime": 150,
        "wait": "False"
    }
]
